p_name,fit_goal,author,days_per_wk,equipment array,p_type,exp_lvl,gender,p_ummary,cover_img,shares,stars,votes,comment_count
 äóìNo Juiceäó Advanced Bodybuilding Workout Routine,Build Muscle,Pete Khatcherian,6,"Barbell, Bodyweight, Cables, Dumbbells, Machines",Split,Advanced,"
						Male & Female						
					","Avoid plateauing with the ""No Juice"" routine, which manipulates intensity, frequency, and volume to help you continue progressing in the gym.",https://cdn.muscleandstrength.com/sites/default/files/field/feature-image/workout/no_juice_feature.jpg,0,4,9,18
10 Week Chest Size & Bench Press Strength Workout,Build Muscle,M&S Team,1,"Barbell, Dumbbells, Machines",Single Muscle Group,Beginner,"
						Male & Female						
					",This ten week training cycle is designed to not only boost your barbell bench press prowess but also pack on slabs of muscle mass to your upper and lower chest.,https://cdn.muscleandstrength.com/sites/default/files/field/feature-image/workout/10mass_feature.jpg,0,4.9,40,49
10 Week Mass Building Program,Build Muscle,M&S Writers,4,"Barbell, Bodyweight, Dumbbells, Machines",Split,Advanced,"
						Male & Female						
					",This workout is designed to increase your muscle mass as much as possible in 10 weeks. Works each muscle group hard once per week using mostly heavy compound exercises.,https://cdn.muscleandstrength.com/sites/default/files/field/feature-image/workout/10weekmass.jpg,0,4.8,2200,2400
100 Rep Hell: A Shocker Muscle Building Workout,Build Muscle,M&S Team,5,"Barbell, EZ Bar, Machines",Split,Intermediate,"
						Male & Female						
					","Need a change? Youäó»ve come to the right workout. This one week shocker is meant to break through the boredom and monotony, and beat your body into growth.",,0,4.9,33,60
100 Reps Per Set Shocker Fullbody Workout,Build Muscle,Maik Wiedenbach,2,"Barbell, Bodyweight, Cables, Dumbbells, EZ Bar, Machines",Full Body,Intermediate,"
						Male & Female						
					","Blast out of a rut with 100 reps per set. 100 rep sets can be used to shock the entire body for a week or two, or to bring up a lagging part.

",,0,5,54,106
12 Week Beginners Training Routine,Build Muscle,Doug Lawrenson,2,"Barbell, Bodyweight, Cables, Dumbbells, Machines",Full Body,Beginner,"
						Male & Female						
					",A twelve week full body beginners routine designed to get your body ready for an intense split routine. Includes a detailed week by week plan.,https://cdn.muscleandstrength.com/sites/default/files/field/feature-image/workout/12feature.jpg,0,5,272,692
18 Week Chin Up & Dip Program For An Impressive Upper Body,Build Muscle,Eric Brown,4,"Bodyweight, Other",Single Muscle Group,Beginner,"
						Male & Female						
					",Chin ups and dips are 2 overlooked but important bodyweight exercises. This 18 week workout protocol features a single training day dedicated to these movements.,https://cdn.muscleandstrength.com/sites/default/files/field/feature-image/workout/dipchin.jpg,0,4.8,87,165
2 Day Simple A/B Split by Steve,Build Muscle,M&S Team,2,"Barbell, Bodyweight, Dumbbells",Full Body,Beginner,"
						Male & Female						
					",Effective 2 day per week fullbody routine that is perfect for building muscle and strength. If you don't have time to live in the gym this is the routine for you.,,0,4.8,97,340
2 Day Squat Workout For Improved Size & Strength,Build Muscle,M&S Team,2,"Barbell, Machines",Split,Intermediate,"
						Male & Female						
					","No more weak and small legs. This squat specialization program will have you hammering your wheels twice a week, bringing up both your leg size and squat strength.",https://cdn.muscleandstrength.com/sites/default/files/field/feature-image/workout/2squat_feature.jpg,0,4.9,25,18
20 Rep Quad & Hamstring Shock Workout,Build Muscle,M&S Team,1,"Barbell, Dumbbells, Machines",Single Muscle Group,Intermediate,"
						Male						
					","Can you handle the leg day pain? Let's find out. This is a no holds barred hardcore workout that will forge your budding twigs into mammoth tree trunks, if you dare try it.",https://cdn.muscleandstrength.com/sites/default/files/field/feature-image/workout/leg_feature.jpg,0,5,4,13
2014 Minutes To A Better Body: 8 Week Fast Start Plan,Build Muscle,Brad Borland,4,"Barbell, Bodyweight, Dumbbells",Split,Beginner,"
						Male & Female						
					",Maximize your first 2014 training minutes of the new year and reach your goals with this 8 week better body quick start training program for beginners by Brad Borland. ,,0,5,24,12
3 Day Fullbody Workout Using Alternative Tools,Build Muscle,Chris Butler,3,"Bodyweight, Kettle Bells, Other",Full Body,Beginner,"
						Male & Female						
					","Make use of non-conventional training tools including kettlebells, sandbags, stones and bodyweight lifts, and build muscle and strength.",,0,5,35,11
3 Day Hardcore Program,Build Muscle,M&S Writers,3,"Barbell, Bodyweight, Cables, Dumbbells, Machines",Split,Intermediate,"
						Male & Female						
					","This 3 day workout hits all major muscle groups. The first day targets legs/back, second day is chest/shoulders and the last is dedicated to arm training.",,0,4.9,82,172
3 Day Power Muscle Burn Workout Split,Build Muscle,M&S Team,3,"Barbell, Bodyweight, Dumbbells, EZ Bar, Machines",Split,Intermediate,"
						Male & Female						
					","Finally! A three day workout split variation for the wildly popular Power, Muscle, Burn muscle building system. Thousands of people have used this system successfully.",,0,4.8,71,145
3 Day Workout For Beginners,Build Muscle,M&S Writers,3,"Barbell, Bodyweight, Cables, Dumbbells, Machines",Split,Beginner,"
						Male & Female						
					",New to weight training? This workout is for you. Designed to hit each muscle group with the big compound exercises once per week. Each workout day has 3-5 exercises. ,https://cdn.muscleandstrength.com/sites/default/files/field/feature-image/workout/beginners-workout.jpg,0,4.9,427,1300
30 Minute Big Shoulder Workout with David Schachterle,Build Muscle,M&S Team,1,"Barbell, Cables, Dumbbells",Single Muscle Group,Intermediate,"
						Male & Female						
					",Build your shoulders with David Schachterle's 30 minute workout that's designed to pack on shoulder mass when you're limited on time.,https://cdn.muscleandstrength.com/sites/default/files/field/feature-image/workout/david_feature.jpg,0,4,3,6
30 Minute Women's Toning Workout With Jenna Webb & Melanie Tillbrook,Lose Fat,M&S Team,3,"Bodyweight, Cables, Dumbbells, Machines, Other",Full Body,Beginner,"
						Female						
					",Short on time? MuscleTech athletes Jenna Webb and Melanie Tillbrook designed this quick 30 minute toning routine that works the full body.,https://cdn.muscleandstrength.com/sites/default/files/field/feature-image/workout/30min_routine_feature.jpg,0,4.1,11,0
300 Workout: The Rise Of A New You! A Plan To Get Muscular & Ripped,General Fitness,Brad Borland,4,"Barbell, Bodyweight, Dumbbells, Kettle Bells, Other",Full Body,Beginner,"
						Male & Female						
					","Seize your glory by building a Spartan body. This feature presents three new workouts, including a powerful 4 day split designed to shred fat and build muscle.",,0,5,55,23
4 Advanced Training Techniques to Build Massive Lats,Build Muscle,Nate Palmer,1,"Bodyweight, Dumbbells, Machines",Single Muscle Group,Advanced,"
						Male & Female						
					","When it comes to building massive lats, you need an effective plan. If you've found your gains have stalled, you really need to try out these moves!",https://cdn.muscleandstrength.com/sites/default/files/field/feature-image/workout/massive-lats-feature.jpg,0,3.8,4,0
4 Day Bodybuilding Split by Shaun,Build Muscle,Shaun McEwan,4,"Barbell, Bodyweight, Dumbbells, EZ Bar, Machines",Split,Intermediate,"
						Male & Female						
					",A higher volume 4 day split workout plan for those who want to gain muscle mass and/or gain weight. Workout was developed by Shaun from Muscle and Strength forum.,,0,4.9,35,80
4 Day Maximum Mass Workout,Build Muscle,M&S Team,4,"Barbell, Bodyweight, Dumbbells, Machines",Split,Intermediate,"
						Male & Female						
					","A mass building routine that features a great combination of effective compound and isolation movements along with intense, high impact five minute burn sets.",https://cdn.muscleandstrength.com/sites/default/files/field/feature-image/workout/maximum-mass-workout.jpg,0,4.8,189,533
4 Day Power Muscle Burn Workout Split,Build Muscle,M&S Team,4,"Barbell, Cables, Dumbbells, EZ Bar, Machines",Split,Intermediate,"
						Male & Female						
					","This building workout is designed to maximize Progression and muscle gains by hitting each muscle group with power sets, muscle sets and burn sets.",https://cdn.muscleandstrength.com/sites/default/files/field/feature-image/workout/pmbheader.jpg,0,5,1100,3000
4 Day Rest Pause RP-21 Muscle Building Workout System,Build Muscle,Eric Brown,4,"Barbell, Bodyweight, Dumbbells, EZ Bar, Machines",Split,Intermediate,"
						Male & Female						
					",RP-21 rest pause training helps you to increase muscle size and aesthetics. This 4 day upper/lower workout split focuses on big compound movements with no fluff.,,0,5,87,107
4 Day Split Bodybuilding Split Routine,Build Muscle,M&S Writers,4,"Barbell, Bodyweight, Cables, Dumbbells, EZ Bar, Machines",Split,Advanced,"
						Male & Female						
					",This 4 day workout routine is aimed at the intermediate to advanced bodybuilder who is currently in their growth cycle. Legs have been split up into 2 separate days.,,0,5,94,86
4 Day Superset & Timed Set Muscle Building Workout,Build Muscle,Ian Coleman,4,"Barbell, Bodyweight, Cables, Dumbbells, EZ Bar, Machines",Split,Intermediate,"
						Male						
					",This is a 4 day workout variation of one of the most popular training systems on M&S. You will hammer your muscles into effective growth using timed sets and supersets.,,0,4.8,25,15
4 Week Beginner Kettlebell Workout For Muscle Growth,Build Muscle,Roger äóìRockäó Lockridge,4,Kettle Bells,Full Body,Beginner,"
						Male & Female						
					","If you're looking to switch up your traditional training, but would still like to burn fat and gain muscle, maybe it's time to consider kettlebell training.",https://cdn.muscleandstrength.com/sites/default/files/field/feature-image/workout/kettlebell_workout_for_muscle_growth_and_fat_loss.jpg,0,5,2,1
5 Day Superset & Timed Set Muscle Building Workout,Build Muscle,Ian Coleman,5,"Barbell, Bodyweight, Cables, Dumbbells, EZ Bar, Machines",Split,Intermediate,"
						Male & Female						
					","A quality change of pace, this routine sets aside squats, deadlifts and flat bench press and hammers your muscles into new growth using timed sets and supersets.",,0,4.9,26,19
5 Killer Arm Workouts for Tank Top Season,Build Muscle,Coach Dustin Myers,2,"Bands, Barbell, Bodyweight, Cables, Dumbbells",Single Muscle Group,Intermediate,"
						Male & Female						
					","With tank top season right around the corner, it's time to get serious about your arm training. Check out Coach Myers' tank top filling arm workouts!",https://cdn.muscleandstrength.com/sites/default/files/field/feature-image/workout/tank-top-season-feature.jpg,0,4,4,0
"5,000 Rep Arm Specialization Program",Build Muscle,M&S Writers,3,"Barbell, Bodyweight, Cables, Dumbbells, EZ Bar, Machines",Single Muscle Group,Intermediate,"
						Male & Female						
					","Go gonzo and gain insane with this arm building program. You will alternate between blast and cruise weeks, performing a total of 5,000 reps over the course of 10 weeks.",,0,4.9,33,52
"6 Day Push, Pull, Legs Powerbuilding Split & Meal Plan",Build Muscle,Nick Ludlow,6,"Barbell, Bodyweight, Dumbbells, Machines",Split,Intermediate,"
						Male & Female						
					","Hungry for some serious gym time and crazy gains? Nick Ludlow helps you to go heavy, go hard and improve your results with this intense, high volume rest-pause workout.",https://cdn.muscleandstrength.com/sites/default/files/field/feature-image/workout/power8.jpg,0,4.2,14,28
6 Week Arm Builder Workout Plan,Build Muscle,M&S Writers,2,"Barbell, Cables, Dumbbells, Machines",Single Muscle Group,Beginner,"
						Male & Female						
					","The workout plan helps you build bigger biceps and triceps by increasing exercise effectiveness, volume and intensity over a 6 week period. 

",,0,5,75,45
"8 Week Big And Bold Workout: Simple, Brutal Muscle Building",Build Muscle,M&S Writers,4,"Barbell, Bodyweight, Cables, Dumbbells, EZ Bar, Machines",Split,Intermediate,"
						Male						
					","So simple, so brutal, so effective. This bodybuilding workout packs a punch and is a great alternative to programs that revolve around 5 rep or low rep sets. Sample meal plan included.",,0,4.7,24,60
8 Week Chest And Back Specialization Workout Routine,Build Muscle,M&S Team,4,"Barbell, Bodyweight, Dumbbells, Machines",Split,Beginner,"
						Male & Female						
					",This back and chest specialization workout is performed 2 days per week and combines a day of heavy compound movements along with a second rest-pause day.,,0,5,49,43
8 Week Muscle Building Bodyweight Workout,Build Muscle,Brad Borland,3,"Bodyweight, Exercise Ball, Kettle Bells, Other",Full Body,Beginner,"
						Male & Female						
					",Build muscle without a gym! This 8-week hypertrophy routine will help you progress from basic to advanced bodyweight exercises.,https://cdn.muscleandstrength.com/sites/default/files/field/feature-image/workout/8-week-bodyweight-workout-featured.jpg,0,4.8,6,10
963 Workout System For Muscle Size And Strength,Build Muscle,M&S Team,4,"Barbell, Bodyweight, Dumbbells, Machines",Split,Beginner,"
						Male & Female						
					",The 963 training system is an upper/lower workout split that helps you to build both size and strength by cycling main lifts between 3 different levels of weight intensity.,,0,4.9,26,40
A Bigger Bench Press & Chest Using Only 135 Pounds - Really,Build Muscle,M&S Writers,1,Barbell,Single Muscle Group,Intermediate,"
						Male & Female						
					",No I am not insane - this program really works. Build a bigger chest and improve your bench press by inserting this specialty workout into your current training regimen.,https://cdn.muscleandstrength.com/sites/default/files/field/feature-image/workout/benchhead.jpg,0,4,41,139
Advanced Bodybuilder Workout,Build Muscle,M&S Writers,5,"Barbell, Bodyweight, Cables, Dumbbells, Exercise Ball, Machines",Split,Advanced,"
						Male & Female						
					",Advanced bodybuilder workout suited to advanced lifters with at least one year of lifting experience. Step up your training and re-ignite big gains!,,0,4.9,133,237
Animal Instincts - The Kurt Weidner 4 Day Split Workout,Build Muscle,Team Scivation,4,"Barbell, Bodyweight, Cables, Dumbbells, EZ Bar, Exercise Ball, Machines",Split,Intermediate,"
						Male & Female						
					","This is the 4 day workout split of Team Scivation sponsored athlete and WNBF pro bodybuilder Kurt ""The Animal"" Weidner.",,0,5,126,261
Arm Building Circuits: Bust Through Bicep & Tricep Plateaus,Build Muscle,Mike Samuels,1,"Bands, Barbell, Bodyweight, Cables, Dumbbells, EZ Bar, Other",Single Muscle Group,Beginner,"
						Male & Female						
					","If your arms aren't responding to conventional training, it's time for some bicep and tricep blasting circuits. Prepare to pack on arm size and get rid of your old t-shirts.",https://cdn.muscleandstrength.com/sites/default/files/field/feature-image/workout/man-preacher-curl.jpg,0,5,15,18
Balloon Arms Workout By MusclePharm,Build Muscle,Cory Gregory,1,"Barbell, Dumbbells, EZ Bar, Other",Single Muscle Group,Beginner,"
						Male & Female						
					",This arm pumping workout from MusclePharm uses a combination of trisets and unique exercise variations to target both biceps and triceps in a single session.,,0,5,23,13
Beginner Fullbody Workout,Build Muscle,M&S Writers,3,"Barbell, Cables, Dumbbells, EZ Bar",Full Body,Beginner,"
						Male & Female						
					",This fullbody workout by TitanCT from the Muscle & Strength forum is perfect for absolute beginners who need to develop good exercise form.,,0,4.9,162,383
Bench Most Dayz: Increase Your Bench By 30-50lbs In 6 weeks,Increase Strength,Cory Gregory,4,Barbell,Single Muscle Group,Beginner,"
						Male & Female						
					",Cory Gregory's Bench Most Dayz 6 week program is designed to add some serious weight to your bench and muscle mass in your chest!,https://cdn.muscleandstrength.com/sites/default/files/field/feature-image/workout/bench_most_dayz.jpg,0,4.6,11,65
Best Chest Workout: The Push & Stretch Method For Killer Chest Gains,Build Muscle,Roger äóìRockäó Lockridge,1,"Barbell, Bodyweight, Cables, Dumbbells",Single Muscle Group,Intermediate,"
						Male & Female						
					","Designed to work your chest thoroughly and intensely, the Push & Stretch Method is a killer chest workout routine that will help you effectively develop a solid chest!",https://cdn.muscleandstrength.com/sites/default/files/field/feature-image/workout/callum_chest_workout_feature.jpg,0,4,16,10
Best Morning Workout For Building Muscle Mass,Build Muscle,Brad Borland,4,"Barbell, Bodyweight, Cables, Dumbbells, Machines",Full Body,Beginner,"
						Male & Female						
					","Most workout routines are designed for the evening lifter. If you're an early riser, we've got the perfect morning workout routine and advice for you!",https://cdn.muscleandstrength.com/sites/default/files/field/feature-image/workout/morning-workout-routine.jpg,0,4,9,28
Big Arms Fast: 4 Week Specialization Workout,Build Muscle,Justin Woltering,2,"Barbell, Bodyweight, Cables, Dumbbells, EZ Bar, Machines, Other",Split,Beginner,"
						Male & Female						
					","This four week bicep and tricep building specialization routine from transformation expert Justin Woltering is designed to help you bring up your lagging arms, and fast.",,0,5,52,39
Big Back Workout with Mike Rashid and Cory G,Build Muscle,M&S Team,1,"Bodyweight, Cables, Dumbbells",Single Muscle Group,Intermediate,"
						Male & Female						
					","Can you imagine the type of workout Cory Gregory and Mike Rashid could create together? No need to play make believe, check out this intense workout!",https://cdn.muscleandstrength.com/sites/default/files/field/feature-image/workout/mike-rashid-and-cory-g-feature.jpg,0,3,3,0
Big Traps: 2 Day Trapezius Building Workout,Build Muscle,M&S Team,2,"Barbell, Dumbbells",Single Muscle Group,Intermediate,"
						Male & Female						
					",This 2 day per week specialization workout is designed to target lagging traps using unique and demanding exercise variations. A sample 4 day muscle building split is provided.,,0,4.8,23,5
Bill Starr 5x5  Linear Version For Intermediate Lifters,Increase Strength,M&S Writers,3,"Barbell, Bodyweight",Full Body,Intermediate,"
						Male & Female						
					",This highly effective strength and muscle building 5x5 workout by Bill Starr illustrates the importance of making systematic progression to drive gains.,,0,5,92,96
Body Like A God: A Complete Bodyweight Muscle Building Plan,Build Muscle,Brad Borland,4,Bodyweight,Full Body,Beginner,"
						Male & Female						
					",Get back to basics and build muscle at home with this classic bodyweight training system. This is a flexible training system that focuses on the use of exercise complexes.,,0,4.8,37,23
Branch Warren's Pre Olympia Workout & Sample Diet Plan,Build Muscle,Team MuscleTech,5,"Barbell, Bodyweight, Cables, Dumbbells, Machines",Split,Advanced,"
						Male						
					","Mr. Olympia competitor and Team Muscletech member Branch Warren shares his pre-contest 5 day training split, along with a sample eating and supplementation plan.",,0,5,21,14
Brutality: A Squat & Deadlift Centered Muscle Building Program,Build Muscle,M&S Team,4,"Barbell, Bodyweight, Dumbbells, EZ Bar",Split,Intermediate,"
						Male & Female						
					","It's time to get nasty in the gym. This muscle building approach has you working both squats and deadlifts on the same day, alternating between heavy and volume days.",,0,5,27,28
Build a Bigger Chest With This Intense Mass Building Workout,Build Muscle,Team eFlow,1,"Bodyweight, Dumbbells, Machines",Single Muscle Group,Intermediate,"
						Male & Female						
					",Don't be ashamed by your lack of gains at the pool this year. Attack your pecs from all angles and utilize drop sets with this intense chest workout!,https://cdn.muscleandstrength.com/sites/default/files/field/feature-image/workout/massive-chest-feature.jpg,0,4.9,13,0
"Build A Bigger Upper Body: Back, Shoulders And Traps Workout",Build Muscle,M&S Team,1,"Barbell, Bodyweight, Cables, Dumbbells, Machines",Single Muscle Group,Beginner,"
						Male & Female						
					","Bro: it's time to work the torso. Set aside chest, bicep & abs for a moment. This workout helps you beef up your back, shoulders and traps, and fill out that t-shirt.",,0,4.8,40,33
Build Your Own HLM Full Body Workout,Build Muscle,M&S Team,3,"Barbell, Bodyweight, Cables, Dumbbells, EZ Bar, Machines",Full Body,Beginner,"
						Male & Female						
					",Looking for quality full body workout variations? This template system allows you to build hundreds and hundreds of effective training programs from the ground up.,,0,5,26,29
Building Bigger Pecs: 4 Workouts For Improved Chest Size,Build Muscle,M&S Team,1,"Barbell, Bodyweight, Cables, Dumbbells, Machines",Single Muscle Group,Intermediate,"
						Male & Female						
					","It's time for a change. These four unique chest workouts provide you with effective, intense and fun training options that will help to increase your pec size and strength.",,0,4.6,34,76
Building The Beginner: Foundation For Muscle & Strength,Build Muscle,Team MuscleTech,5,"Barbell, Bodyweight, Cables, Dumbbells, Exercise Ball, Kettle Bells, Machines, Medicine Ball",Split,Beginner,"
						Male & Female						
					",Building The Beginner is a 6 week program that lays the foundation for heavier lifting. A detailed training plan with instructional videos makes it easy to follow!,https://cdn.muscleandstrength.com/sites/default/files/field/feature-image/workout/building-the-beginner-featured.jpg,0,4.4,8,1 Comment
Bulldozer Training 3 Day Workout Split,Build Muscle,M&S Team,3,"Barbell, Bodyweight, Dumbbells, EZ Bar, Machines",Split,Intermediate,"
						Male						
					",3 day Bulldozer Training muscle building split. Combines rest-pause sets with progressive resistance. Workouts are shorter but more intense.,,0,5,50,121
"Bulldozer Training 4 Day ""Mini-Dozer"" Workout Split ",Build Muscle,M&S Team,4,"Barbell, Bodyweight, Dumbbells, EZ Bar, Machines",Split,Intermediate,"
						Male & Female						
					","4 day ""Mini-Dozer"" Bulldozer Training muscle building split. Combines rest-pause sets with progressive resistance. Lower volume variation.",,0,4.9,31,46
Bulldozer Training 4 Day Workout Split,Build Muscle,M&S Team,4,"Barbell, Dumbbells, Machines",Split,Intermediate,"
						Male & Female						
					",4 day Bulldozer Training muscle building split. Combines rest-pause sets with progressive resistance. Workouts are shorter but more intense.,,0,4.3,63,189
Combat Your Weakness Workout Program,Build Muscle,Charles Cunningham,5,"Barbell, Bodyweight, Cables, Dumbbells, EZ Bar, Other",Full Body,Intermediate,"
						Male & Female						
					","This program combines the concepts of training volume, progressive overload, and muscular tension in order to build strength and muscle while prioritizing lagging body parts.  ",https://cdn.muscleandstrength.com/sites/default/files/field/feature-image/workout/combat_your_weakness_training_program.jpg,0,4.6,11,4
Command Your Arms To Grow! 2 Day Arm Building Workout,Build Muscle,L.J. Walker,2,"Barbell, Bodyweight, Cables, Dumbbells, EZ Bar, Machines",Single Muscle Group,Beginner,"
						Male & Female						
					","This is an aggressive 2 day per week specialization program for those of you who are tired of having puny guns, and are willing to eat as hard and precise as you train.",,0,5,15,14
Compound Exercises Only Workout,Build Muscle,M&S Writers,4,"Barbell, Bodyweight, Cables, Dumbbells",Split,Intermediate,"
						Male & Female						
					",This workout uses only compound exercises. Compound exercises are movements that require more than 1 joint and more than 1 muscle group.,,0,4.9,194,268
Conquering The Giant: Giant Set Workouts For Hypertrophy & Fat Loss,Build Muscle,Mike Samuels,3,"Barbell, Bodyweight, Dumbbells",Single Muscle Group,Intermediate,"
						Male & Female						
					","Learn how giant sets and density training can help ignite fat loss and spark new muscle growth. Feature includes sample push, pull, leg and fat burning workouts.",,0,5,19,12
Core Strength Blueprint Workout v1.2 With Coach Myers,Increase Strength,Coach Dustin Myers,4,"Bodyweight, Dumbbells, Exercise Ball, Other",Full Body,Intermediate,"
						Male & Female						
					",Use this 4-week core training plan that Coach Myers designed to help develop the core strength and stability needed to master more extreme core exercises.,https://cdn.muscleandstrength.com/sites/default/files/field/feature-image/workout/cb2_feature.jpg,0,5,1,3
Core Strength Blueprint Workout v1.3 With Coach Myers,Increase Strength,Coach Dustin Myers,4,"Bodyweight, Dumbbells, Exercise Ball, Other",Full Body,Intermediate,"
						Male & Female						
					",Use this 4-week core training plan that Coach Myers designed to help develop the core strength and stability needed to master more extreme core exercises.,https://cdn.muscleandstrength.com/sites/default/files/field/feature-image/workout/core_1-3_feature.jpg,0,4.5,6,0
Core Strength Blueprint Workout v1.4 With Coach Myers,Increase Strength,Coach Dustin Myers,4,"Bodyweight, Dumbbells, Other",Full Body,Intermediate,"
						Male & Female						
					",Use this 4-week core training plan that Coach Myers designed to help develop the core strength and stability needed to master more extreme core exercises.,https://cdn.muscleandstrength.com/sites/default/files/field/feature-image/workout/musclepharm_core_strength_workout.jpg,0,5,2,5
"Cory Gregory's ""Make Your Own Brick Soup"" Ab Workout",Build Muscle,Cory Gregory, ,"Bodyweight, Other",Single Muscle Group,Beginner,"
						Male & Female						
					","Get the secret ingredients for ""Brick Soup"" with this killer 4-week program in which MusclePharm's Cory Gregory reveals what he does to build and maintain his rock-solid abs! ",https://cdn.muscleandstrength.com/sites/default/files/field/feature-image/workout/cory_gregory_ab_workout_1_0.jpg,0,3.8,18,3
Crazy 5 Method: An Intense Rep Scheme For Making Solid Gains,Build Muscle,Coach Dustin Myers,3,"Barbell, Dumbbells",Split,Intermediate,"
						Male & Female						
					","If you're looking for an excellent finisher to your lifts, look no further. Coach Myers' Crazy 5 Method is bound to give you the pump you're looking for.",https://cdn.muscleandstrength.com/sites/default/files/field/feature-image/workout/crazy-5-method-feature.jpg,0,4,8,2
CrossFit vs Weight Training: Which Gives Better Results?,Build Muscle,Team AML,3,"Barbell, Bodyweight, Kettle Bells",Split,Intermediate,"
						Male & Female						
					","Traditional weightlifters and cross trainers don't see eye to eye on training. However, the best approach to training isn't as black & white as you may think.",https://cdn.muscleandstrength.com/sites/default/files/field/feature-image/workout/crossfit-feature_0.jpg,0,5,2,1
CT Fletcher's Agony Of The Shoulders Workout,Build Muscle,M&S Team,1,"Barbell, Dumbbells, Machines",Single Muscle Group,Intermediate,"
						Male & Female						
					","Ready to build the massive shoulders you've always dreamed of? ""The Superman from Compton"" CT Fletcher is here to show you how to do just that.",https://cdn.muscleandstrength.com/sites/default/files/field/feature-image/workout/ct_fletcher_agony_workout.jpg,0,4.5,8,6
Cut Like Cutler Trainer - Cycle 1,Build Muscle,Team BPI,5,"Barbell, Cables, Dumbbells, EZ Bar, Machines",Split,Beginner,"
						Male & Female						
					",Follow the workout logs for Cycle 1 of the Cut Like Cutler trainer. Week 1 is Heavy training and Week 2 is more Moderate.,https://cdn.muscleandstrength.com/sites/default/files/field/feature-image/workout/cut_like_cutler_cycle_1.jpg,0,3.8,17,8
Cut Like Cutler Trainer - Cycle 2,Build Muscle,Team BPI,5,"Barbell, Cables, Dumbbells, EZ Bar, Machines",Split,Beginner,"
						Male & Female						
					",Follow the workout logs for Cycle 2 of the Cut Like Cutler trainer. Week 3 is Heavy training and Week 4 is more Moderate.,https://cdn.muscleandstrength.com/sites/default/files/field/feature-image/workout/cut_like_cutler_cycle_2.jpg,0,4.3,3,0
Cut Like Cutler Trainer - Cycle 3,Build Muscle,Team BPI,5,"Barbell, Cables, Dumbbells, EZ Bar, Machines",Split,Beginner,"
						Male & Female						
					",Follow the workout logs for Cycle 3 of the Cut Like Cutler trainer. Week 5 is Heavy training and Week 6 is more Moderate.,https://cdn.muscleandstrength.com/sites/default/files/field/feature-image/workout/cut_like_cutler_cycle_3.jpg,0,4.3,3,1
Cut Like Cutler Trainer - Cycle 4,Build Muscle,Team BPI,5,"Barbell, Cables, Dumbbells, EZ Bar, Machines",Split,Beginner,"
						Male & Female						
					",Follow the workout logs for Cycle 4 of the Cut Like Cutler trainer. Week 7 is Heavy training and Week 8 is more Moderate.,https://cdn.muscleandstrength.com/sites/default/files/field/feature-image/workout/cut_like_cutler_cycle_4.jpg,0,0,0,0
Cut Like Cutler Trainer - Cycle 5,Build Muscle,Team BPI,5,"Barbell, Cables, Dumbbells, EZ Bar, Machines",Split,Beginner,"
						Male & Female						
					",Follow the workout logs for Cycle 5 of the Cut Like Cutler trainer. Week 9 is Heavy training and Week 10 is more Moderate.,https://cdn.muscleandstrength.com/sites/default/files/field/feature-image/workout/cut_like_cutler_cycle_5.jpg,0,5,3,0
Cut Like Cutler Trainer - Cycle 6,Build Muscle,Team BPI,5,"Barbell, Cables, Dumbbells, EZ Bar, Machines",Split,Beginner,"
						Male & Female						
					",Follow the workout logs for Cycle 6 of the Cut Like Cutler trainer. Week 11 is Heavy training and Week 12 is more Moderate.,https://cdn.muscleandstrength.com/sites/default/files/field/feature-image/workout/cut_like_cutler_cycle_6.jpg,0,4,1,3
Daily Undulating Periodization (DUP) Muscle Growth Workout,Increase Strength,Mike Wines,4,"Bands, Barbell, Cables, Dumbbells, Machines, Other",Split,Intermediate,"
						Male & Female						
					","Maximize your training with this workout that utilizes an advanced training technique designed to enhance strength, power, and muscle hypertrophy.",https://cdn.muscleandstrength.com/sites/default/files/field/feature-image/workout/periodization_muscle_growth_workout_feature.jpg,0,5,3,20
Dave's Upper/ Lower Split (DULS),Build Muscle,Dave Herber,4,"Barbell, Cables, Dumbbells, EZ Bar, Machines",Split,Intermediate,"
						Male & Female						
					","This upper/lower body split is designed for growth while avoiding overtraining. If you're an intermediate to advanced lifter, give this workout a shot!",,0,5,64,75
Dave's V.I.F Mass Building Program,Build Muscle,Dave Herber,4,"Barbell, Bodyweight, Cables, Dumbbells, EZ Bar, Machines",Split,Intermediate,"
						Male & Female						
					",This program tackles 3 of the 5 different types of workouts that will hopefully keep your body growing in the right direction. Each phase is 4 weeks.,,0,5,178,210
Diego Sebastian's Arms & Abs Superset Workout,Build Muscle,M&S Team,2,"Barbell, Bodyweight, Cables, Dumbbells, EZ Bar",Single Muscle Group,Beginner,"
						Male & Female						
					","Cover model Diego Sebastian shares his go-to arms and abs superset workout. Watch the video for the secret to cover ready abs, biceps, and triceps!",https://cdn.muscleandstrength.com/sites/default/files/field/feature-image/workout/diego-sebastian-abs-and-arms.jpg,0,4,6,1
Double Down Training: Back-Off Set Muscle Building,Build Muscle,M&S Team,4,"Barbell, Bodyweight, Dumbbells, EZ Bar, Machines",Split,Intermediate,"
						Male & Female						
					",This upper/lower split allows you to maximize your bodybuilding efforts by pushing for progressive overload using auto-regulation and a myriad of rep ranges and weights.,,0,4.9,11,13
Double Split Training: 3 Month Muscle Building Specialization Program,Build Muscle,Ian Coleman,5,"Barbell, Bodyweight, Cables, Dumbbells, EZ Bar, Machines",Split,Intermediate,"
						Male & Female						
					",It's time to go retro. This 3 month specialization program has you in the gym for 10 workouts each week. Back it with plenty of sleep and food for all kinds of gains!,,0,4.9,32,25
Doug's Mass Building Routine for Ectomorphs,Build Muscle,Doug Lawrenson,4,"Barbell, Bodyweight, Dumbbells, Machines",Split,Intermediate,"
						Male & Female						
					",Althought this routine is designed for a person whoäó»s body type is described as Ectomorph; it can be also be used by all body types as a change their current workout.,,0,4.9,370,770
Dougs 4 Day Split Workout,Build Muscle,Doug Lawrenson,4,"Barbell, Cables, Dumbbells, EZ Bar, Machines",Split,Intermediate,"
						Male & Female						
					",This muscle building workout is a tried and tested M&S muscle building staple! This workout was developed by trainer and forum member Doug Lawrenson.,,0,4.9,704,902
Drop 5 System: 4 Day Home Muscle Building Plan,Build Muscle,M&S Team,4,"Barbell, Bodyweight, Dumbbells",Split,Intermediate,"
						Male & Female						
					","This 4 day ""Drop 5"" split is designed for the home trainee. This program is an upper/lower split that utilizes only dumbbell, barbell and bodyweight exercises.",,0,4.9,15,11
Drop 5 System: 4 Day Mass Building Workout Split,Build Muscle,M&S Team,4,"Barbell, Bodyweight, Dumbbells, EZ Bar, Machines",Split,Intermediate,"
						Male & Female						
					",Blast your body with this potent muscle building workout by Steve Shaw. This four day plan is an upper/lower training split which cycles intensity over a 3 week period.,,0,4.7,26,53
DumbBar Workout: Make Killer Gains With Dumbbell & Barbell Supersets,Build Muscle,Roger äóìRockäó Lockridge,6,"Barbell, Dumbbells",Split,Beginner,"
						Male & Female						
					",Limited equipment doesn't mean limited gains. Grab some dumbbells and a barbell and get ready to destroy these intense DumbBar supersets.,https://cdn.muscleandstrength.com/sites/default/files/field/feature-image/workout/dumbbar-supersets.jpg,0,4.5,6,6
Dumbbell & Barbell Home Based Workout,Build Muscle,M&S Writers,3,"Barbell, Dumbbells",Split,Intermediate,"
						Male & Female						
					",Dumbbell and barbell home workout. This is a workout you can do at home just using a set of dumbbells and barbells. The workout is designed to build muscle and strength.,,0,5,213,472
Dumbbell & Barbell Mass Workout,Build Muscle,M&S Writers,5,"Barbell, Bodyweight, Dumbbells",Split,Intermediate,"
						Male & Female						
					","Looking to add muscle mass? Using only dumbbells and barbells, this workout hits each muscle group hard once a week over a 5 day schedule.",https://cdn.muscleandstrength.com/sites/default/files/field/feature-image/workout/barbell800.jpg,0,4.9,295,473
Dumbbell Only Home Or Gym Full Body Workout,Build Muscle,M&S Team,3,"Bodyweight, Dumbbells",Full Body,Beginner,"
						Male & Female						
					",Short on equipment? No worries! This dumbbell only workout can be used at home or in the gym for building muscle mass. You can also use this as a muscle shock workout to mix things up.,https://cdn.muscleandstrength.com/sites/default/files/field/feature-image/workout/dumb800.jpg,0,4.8,958,1600
Extreme 6 Day Barbell & Bodyweight Conditioning Workout,Increase Endurance,Max Riley,6,"Barbell, Bodyweight",Split,Beginner,"
						Male & Female						
					","You've found the motivation to hit the gym hard. What to do next? Try this extreme program that combines walking, muscle building and complex conditioning workouts.",,0,4.9,31,12
Fast 21 Workout: 3 Weeks To A Lean & Shredded Physique,Build Muscle,Team BPI,6,"Bands, Barbell, Bodyweight, Cables, Dumbbells, Machines, Other",Split,Intermediate,"
						Male & Female						
					","The Fast 21 Workout Program is designed to ensure maximum fat loss while gaining lean muscle, all within 3 weeks!",https://cdn.muscleandstrength.com/sites/default/files/field/feature-image/workout/fast21-header.jpg,0,4.2,20,77
Fast 4: A Beach Body Workout Program For The College Student,Build Muscle,Andrew Pardue,4,"Barbell, Dumbbells, Machines",Split,Beginner,"
						Male & Female						
					",Not everyone wants to be a bodybuilder. This workout is perfect for the college student who wants to build muscle with the primary goal of looking great at the beach.,,0,4.9,14,30
Field Manual: A Training Guide For Those With Little Time & Equipment,Build Muscle,Brad Borland,4,"Bands, Bodyweight, Dumbbells",Split,Beginner,"
						Male & Female						
					","No equipment, no time? No problem! Using only dumbbells, bands and your bodyweight, Brad Borland shows you how to train for gains using supersets.",,0,5,31,26
Frankoman's Dumbbell Only Split,Build Muscle,M&S Writers,3,Dumbbells,Split,Beginner,"
						Male & Female						
					",A dumbbell only workout for home or the gym that will pack on muscle mass. This routine design by Frankoman from the M&S forum.,,0,5,483,965
Full Body Dumbbell Strength Workout For Women,General Fitness,Holly Blumenberg,1,"Bodyweight, Dumbbells",Full Body,Beginner,"
						Female						
					","This dumbbell workout is a metabolic conditioning session as well as a strength workout. If you're getting bored with your current workout, give this fun routine a try.",,0,4.9,34,8
Get Ripped in 8 Weeks! HIET Fat Loss Workout & Nutrition Program,Lose Fat,Team AML,6,"Barbell, Bodyweight, Cables, Dumbbells, EZ Bar, Exercise Ball, Machines",Split,Intermediate,"
						Male & Female						
					",Step your game up and get shredded for summer with this 8 week workout! Combine HIET and HIIT to accelerate your results and get shredded for the beach!,https://cdn.muscleandstrength.com/sites/default/files/field/feature-image/workout/hiet-feature1.jpg,0,3.4,11,12
Get Serious Arm Size With This Biceps & Triceps Workout,Build Muscle,Roger äóìRockäó Lockridge,1,"Barbell, Cables, Dumbbells, EZ Bar",Single Muscle Group,Beginner,"
						Male & Female						
					",Build some massively impressive arms with this biceps and triceps superset and triset workout that maximizes your arm training and gaining!,https://cdn.muscleandstrength.com/sites/default/files/field/feature-image/workout/serious_biceps_triceps.jpg,0,4.4,9,2
Get Stronger At Squats With This 12 Week Super Squat Workout,Increase Strength,Roger äóìRockäó Lockridge,1,"Barbell, Bodyweight, Cables, Machines",Single Muscle Group,Beginner,"
						Male & Female						
					","Work your way to a bigger, more impressive squat with this 12-week program that's designed to improve your squat and get you moving serious weight.",https://cdn.muscleandstrength.com/sites/default/files/field/feature-image/workout/improving_squats_program_ronnie_coleman_feature.jpg,0,3.8,4,1
Get Swole: 5 Phase Muscle Building Workout System,Build Muscle,Cory Gregory,4,"Barbell, Bodyweight, Dumbbells, EZ Bar, Machines, Other",Split,Beginner,"
						Male						
					",This is a intense and proven 20 week training program from MusclePharm that uses 5 unique phases to help even the hardest of gainers to build muscle or firm up.,,0,5,112,110
Giant Sets For Giant Boulder Shoulders In 8 Weeks,Build Muscle,Roger äóìRockäó Lockridge,1,"Barbell, Dumbbells",Single Muscle Group,Intermediate,"
						Male & Female						
					","Maximize your shoulder muscle growth by incorporating these giant set routines that target every part of the shoulder, plus the traps!",https://cdn.muscleandstrength.com/sites/default/files/field/feature-image/workout/anton_side_lateral_raise_for_shoulder_muscle.jpg,0,3.3,6,7
Gordon LaVelle's Short And Intense Bodybuilding Training System,Build Muscle,Gordon LaVelle,4,"Barbell, Cables, Dumbbells, EZ Bar, Machines",Split,Beginner,"
						Male & Female						
					",Gordon LaVelle's method of training is a highly effective and efficient system for building muscle that focuses of a limited number of sets performed to muscle failure.,,0,5,149,277
High Volume Chest Workout with IFBB Pros Gerardo Gabriel & Brett Kahn,Build Muscle,M&S Team,1,"Bodyweight, Dumbbells, Machines",Single Muscle Group,Intermediate,"
						Male & Female						
					",IFBB Pros Brett Kahn and Gerardo Gabriel visit the Muscle & Strength HQ and destroy their chests with this high volume chest workout routine. Check it out!,https://cdn.muscleandstrength.com/sites/default/files/field/feature-image/workout/gerardo-chest-workout-feature2.jpg,0,5,2,0
HIML-4 Maximum Muscle Building Workout System,Build Muscle,Ian Coleman,4,"Barbell, Bodyweight, Cables, Dumbbells, EZ Bar, Machines",Split,Intermediate,"
						Male & Female						
					","HIML-4 is a highly effective four week muscle building workout system that cycles between heavy days, intense workouts, and moderate to light weight training days.",https://cdn.muscleandstrength.com/sites/default/files/field/feature-image/workout/hmil800.jpg,0,5,945,1200
HIT Workout - Build Muscle With This High Intensity Training Routine,Build Muscle,Max Riley,3,"Barbell, Bodyweight, Cables, Dumbbells, EZ Bar, Machines",Full Body,Beginner,"
						Male & Female						
					","HIT training is unlike any muscle building approach you've ever tried. Workouts are brisk, intense, focusing on moderate volume, training to failure and recovery.",,0,4.9,22,17
Home Or Gym Barbell Workout Routine,Build Muscle,Thomas Schultz,4,"Barbell, Bodyweight",Split,Beginner,"
						Male & Female						
					",This barbell only workout is perfect for someone with limited access to equipment. It can be performed virtually anywhere and requires only a barbell and some hard work.,,0,5,26,11
How To Gain Mass Fast: 20 Week Quick Start Program,Build Muscle,Ian Coleman,3,"Barbell, Bodyweight, Dumbbells",Full Body,Beginner,"
						Male & Female						
					","Build muscle as quickly as possible using this 20 week program that features 3 unique stages: neuromuscular adaptation, conditioning, and a maximization stage.",,0,4.8,90,70
"Hugh Jackman's Workout: Strong, Lean & Powerful",Build Muscle,Luke Atchley,4,"Barbell, Bodyweight, Cables, Dumbbells, Machines, Medicine Ball",Split,Beginner,"
						Male						
					",Get ripped like Wolverine by applying the same underlying training principles Hugh Jackman did while working out in preparation for his role on the big screen.,https://cdn.muscleandstrength.com/sites/default/files/field/feature-image/workout/hugh_jackman_wolverine_body_workout_0.jpg,0,4.4,11,20
Intense Superset Chest & Biceps Workout With Joe Donnelly,Build Muscle,M&S Team,1,"Bands, Bodyweight, Dumbbells",Single Muscle Group,Intermediate,"
						Male & Female						
					","Looking to burn fat and build muscle, all while never stepping foot on the cardio deck? Try out Joe Donnelly's high intensity resistance training!",https://cdn.muscleandstrength.com/sites/default/files/field/feature-image/workout/joe-donnelly-feature-image.jpg,0,4.5,4,1
Intermediate 4 Day Split Workout,Build Muscle,Troy A. Dolfi,4,"Barbell, Cables, Dumbbells, Machines",Single Muscle Group,Intermediate,"
						Male & Female						
					","Designed for someone who's been lifting for a while and wants to step up their training. The workout has a 2 days on, 1 day off, 1 day on, 1 day off schedule.",,0,5,81,112
Intermediate Muscle Building Workout,Build Muscle,M&S Writers,5,"Barbell, Bodyweight, Cables, Dumbbells, EZ Bar, Machines",Split,Intermediate,"
						Male & Female						
					",Shock your muscle into growth by rotating this workout with your current routine. This workout hits each major muscle group twice per week. ,,0,4.9,135,303
Introduction To Bodybuilding Workout,Build Muscle,Troy A. Dolfi,3,"Barbell, Bodyweight, Cables, Dumbbells, Machines",Full Body,Beginner,"
						Male & Female						
					",This is a starter workout designed for absolute beginners to muscle building. It is a 3 day a week routine which works all the major muscle groups in 1 session.,,0,3.9,52,123
Jai Courtney Workout: How Jai Got Swole for Terminator Genisys,Lose Fat,Brad Borland,4,"Bodyweight, Dumbbells, Other",Full Body,Beginner,"
						Male						
					",Are you ripped enough to fight for humanity? Follow this 6 week program based on Jai Courtney's training principles to get shredded like Kyle Reese!,https://cdn.muscleandstrength.com/sites/default/files/field/feature-image/workout/jai-courtney-workout-terminator-genisys-featured.jpg,0,4.5,6,7
Jason Blaha's Ice Cream Fitness 5x5 Novice Program,Build Muscle,Jason Blaha,3,"Barbell, Cables, EZ Bar",Full Body,Beginner,"
						Male & Female						
					",A potent and proven novice muscle and strength building program from Jason Blaha & Ice Cream Fitness. Testimonials continue to pour in touting it's effectiveness.,,0,2.9,733,917
Jason Momoa's Workout: Accelerated Results 7 (AR-7) Training,Build Muscle,Brad Borland,5,"Barbell, Bodyweight, Cables, Dumbbells, Other",Full Body,Intermediate,"
						Male & Female						
					",Learn how the AR-7 program helped Game of Thrones actor Jason Momoa put on the major muscle needed to portray the great Khal Drogo.,https://cdn.muscleandstrength.com/sites/default/files/field/feature-image/workout/khal_game_of_thrones_workout_routine.jpg,0,4.5,10,37
Jason Poston's Giant Set Back Workout Routine,Build Muscle,M&S Team,1,"Barbell, Cables, Dumbbells, Medicine Ball",Single Muscle Group,Intermediate,"
						Male & Female						
					","If you thought your back workout was tough, then you've got to check out IFBB Pro and ProSupps athlete Jason Poston's Giant Set Back Routine!",https://cdn.muscleandstrength.com/sites/default/files/field/feature-image/workout/poston-prosupps-feature_0.jpg,0,4,2,0
Jen Jewell's Summer Countdown: Burn Fat & Build A Bikini Booty,Lose Fat,Jen Jewell,4,"Barbell, Bodyweight, Dumbbells, Exercise Ball",Full Body,Beginner,"
						Female						
					","The time to sculpt your summer body is now! Get lean, healthy, and strong with Jen Jewell's Summer Countdown Workout that combines strength training with cardio bursts for maximum fat loss.",https://cdn.muscleandstrength.com/sites/default/files/field/feature-image/workout/jen-jewell-summer-countdown-featured.jpg,0,3.5,8,4
Joe Ohrablo's Non-Linear Periodization,Build Muscle,Joseph Ohrablo,5,"Barbell, Bodyweight, Cables, Dumbbells, EZ Bar, Machines",Split,Intermediate,"
						Male & Female						
					",Build a beastly body by alternating between intensity weeks and power weeks. Mr. NC Joe Ohrablo presents his incredibly effective muscle building system.,,0,4.4,51,70
"John Meadows: His Journey to the Arnold, Brand, & Back Workout",Build Muscle,Roger äóìRockäó Lockridge,1,"Barbell, Cables, Dumbbells, Machines",Single Muscle Group,Intermediate,"
						Male & Female						
					",IFBB Pro John Meadows' work ethic is like no other. Read about his humbling journey to competing in front of his home town at this years Arnold Classic.,https://cdn.muscleandstrength.com/sites/default/files/field/feature-image/workout/john-meadows-feature.jpg,0,4.7,3,1
Kickbox Your Way To Fit With Francisca Dennis,General Fitness,Team FitMiss,3,Other,Full Body,Beginner,"
						Female						
					",Mix things up a few times a week by putting on the mitts and incorporating some fun kickboxing to relieve some stress and burn a ton of calories at the same time!,https://cdn.muscleandstrength.com/sites/default/files/field/feature-image/workout/francisca_dennis_kickboxing.jpg,0,4.3,6,0
Leg Carnage: Superset Quad & Hamstring Workout,Build Muscle,M&S Team,1,"Barbell, Bodyweight, Dumbbells, Machines",Single Muscle Group,Intermediate,"
						Male & Female						
					","Shock your legs with this brutal and growth-inducing workout designed by Steve Shaw. Featured exercises include paused squats, dumbbell stiff leg deadlifts & reverse hacks.",,0,4.6,5,6
Long Cycle Beginner Muscle And Strength Building Workout,Build Muscle,M&S Team,3,"Barbell, Bodyweight, Dumbbells, EZ Bar, Machines",Full Body,Beginner,"
						Male & Female						
					","The Long Cycle program uses auto-regulation, allowing a lifter to progress on each exercise at a natural rate, while also maximizing muscle mass and strength gains.",,0,5,36,44
Low Rep Arm And Shoulder Workout By MusclePharm,Build Muscle,Cory Gregory,1,"Barbell, Bodyweight, Dumbbells, EZ Bar",Split,Beginner,"
						Male & Female						
					","This workout by Cory Gregory and MusclePharm helps you to pack on shoulder, bicep and tricep muscle mass by focusing on high volume, low rep tri-sets. ",,0,4.6,11,11
Mass Performance Program - Day 1: Upper Body,Build Muscle,Team Dymatize,4,"Barbell, Dumbbells, EZ Bar",Split,Beginner,"
						Male & Female						
					",Every good training week starts with chest day! Mass Performance Program Day 1 blasts your pecs before moving on to biceps and triceps.,https://cdn.muscleandstrength.com/sites/default/files/field/feature-image/workout/mpp-day-1.jpg,0,4.4,8,3
Mass Performance Program - Day 2: Lower Body,Build Muscle,Team Dymatize,4,"Barbell, Dumbbells, Machines, Other",Split,Beginner,"
						Male & Female						
					",Looking for maximum gains? You better not skip leg day! Your primary lift today is the deadlift which will torch your posterior chain.,https://cdn.muscleandstrength.com/sites/default/files/field/feature-image/workout/mpp_day_2.jpg,0,5,3,4
Mass Performance Program - Day 4: Upper Body,Build Muscle,Team Dymatize,4,"Barbell, Dumbbells, EZ Bar, Machines",Split,Beginner,"
						Male & Female						
					",Get ready for cannonball delts and boulder shoulders! Day 4 training will hit your shoulders from all angles and finish with some arm blasting isolation work.,https://cdn.muscleandstrength.com/sites/default/files/field/feature-image/workout/mpp_day_4.jpg,0,4,2,2
Mass Performance Program - Day 5: Lower Body,Build Muscle,Team Dymatize,4,"Barbell, Dumbbells, Kettle Bells, Machines",Split,Beginner,"
						Male & Female						
					","It's the last training day of the week, which means you'd better hit it hard! Lots of squats make this the ultimate quad-blasting leg day.",https://cdn.muscleandstrength.com/sites/default/files/field/feature-image/workout/mpp_day_5.jpg,0,5,4,0
Massive Blitz: 4 Week High Rep Muscle Building Cycle,Build Muscle,M&S Team,1,"Barbell, Bodyweight, Cables, Dumbbells, EZ Bar, Machines",Single Muscle Group,Intermediate,"
						Male & Female						
					","Looking to ""switch up"" your training? This workout system focuses on four week blocks that hammer muscle groups into growth using high reps and limited rest.",,0,3.8,19,9
Max Adaptation Upper Lower (MAUL) Workout,Build Muscle,Alain Gonzalez,5,"Barbell, Cables, Dumbbells, Machines",Split,Beginner,"
						Male & Female						
					",This workout combines the main mechanisms of muscle hypertrophy to help you build some serious muscle. Try this split to put on quality summer mass!,https://cdn.muscleandstrength.com/sites/default/files/field/feature-image/workout/maul-feature.jpg,0,5,26,0
MFT Training: Boost Strength and Build High Performance Muscle,Build Muscle,Eric Weinbrenner,3,"Barbell, Bodyweight, Cables, Dumbbells, EZ Bar",Full Body,Intermediate,"
						Male & Female						
					",Would you like to get stronger and build more muscle while spending less time in the gym? MFT training might be just what you need for big results.,https://cdn.muscleandstrength.com/sites/default/files/field/feature-image/workout/mft-training.jpg,0,5,5,22
Muscle & Strength Full Body Workout Routine,Build Muscle,M&S Team,3,"Barbell, Bodyweight, Dumbbells",Full Body,Beginner,"
						Male & Female						
					","This M&S mass building routine is perfect for lifters who want to give full body workouts a try. All major muscle groups are trained, and the program includes a 20 rep set of squats.",https://cdn.muscleandstrength.com/sites/default/files/field/feature-image/workout/ms_full_body_workout.jpg,0,4.8,78,57
Muscle & Strength's 30 Day Workout Plan For Women,Build Muscle,Brad Borland,6,"Barbell, Bodyweight, Dumbbells, Other",Full Body,Beginner,"
						Female						
					","Looking for the best place to start working towards a leaner, solid, and stronger body? This thorough workout routine is specifically designed to get you there!",https://cdn.muscleandstrength.com/sites/default/files/field/feature-image/workout/complete_full_body_womens_workout_routine.jpg,0,4.2,14,40
"Muscle Size, Shape & Definition Workout",Build Muscle,Troy A. Dolfi,5,"Barbell, Cables, Dumbbells, Machines",Split,Advanced,"
						Male & Female						
					","This advanced workout routine is a 5-day split - Two Days On, 1 Day Off, Two Days On, 1 Day Off. It is aimed at muscle size, definition and tone. ",,0,4.9,97,173
"New Year, New Body: Quick Start Workout Guide & Eating Plan",Build Muscle,Brad Borland,3,"Barbell, Bodyweight, Dumbbells",Split,Beginner,"
						Male & Female						
					","Build the body you want using the fundamentals. Focus your will to succeed and get bigger, stronger and leaner during the new year with this complete workout & diet plan.",,0,3.9,30,27
Off Season Leg Day Workout With Brandon Beckrich,Build Muscle,M&S Team,1,"Bands, Barbell, Machines",Single Muscle Group,Intermediate,"
						Male & Female						
					","If you're in need of a great, quad-dominant leg workout, then you're in luck! Check out Team Allmax's Brandon Beckrich's insane off season leg day routine!",https://cdn.muscleandstrength.com/sites/default/files/field/feature-image/workout/brandon-legs-feature.jpg,0,5,2,0
Old School Chest Workout with Calum von Moger,Build Muscle,M&S Team,1,"Barbell, Bodyweight, Cables, Dumbbells",Single Muscle Group,Beginner,"
						Male & Female						
					",Mr. Universe Calum von Moger goes back to basics with this old school aesthetic chest workout inspired by Golden Era physiques. ,https://cdn.muscleandstrength.com/sites/default/files/field/feature-image/workout/old-school-aesthetic-chest-workout.jpg,0,4.9,8,0
Old School Gains: Build Muscle Like an Iron-Game Legend,Build Muscle,Team Allmax,6,"Barbell, Cables, Dumbbells, Machines",Split,Intermediate,"
						Male & Female						
					",Is the modern lifter really willing to do what it takes to build major muscle? Try training like an old-school legend for big results!,https://cdn.muscleandstrength.com/sites/default/files/field/feature-image/workout/old-school-gains.jpg,0,5,15,14
Old School Series: 1970s Bodybuilding Routine,Build Muscle,M&S Team,6,"Barbell, Bodyweight, Cables, Dumbbells, EZ Bar, Machines",Split,Intermediate,"
						Male & Female						
					","Can you handle training like Arnold Schwarzenegger, Sergio Oliva or Lou Ferrigno? These legends set a new standard for muscle mass and training frequency.",,0,4.9,37,55
Old School Series: 1990s Bodybuilding Routine,Build Muscle,M&S Team,4,"Barbell, Bodyweight, Cables, Dumbbells, EZ Bar, Machines",Split,Intermediate,"
						Male & Female						
					",Time for some blood and guts! Set aside volume training and focus on quality above quantity. This 4 day workout split is based upon the training style of Dorian Yates.,,0,4.8,9,18
"OT4 Training System: Minimal Gym Time, Optimal Gains",Build Muscle,Machine Militia,4,"Barbell, Bodyweight, Cables, Dumbbells, Machines",Split,Beginner,"
						Male & Female						
					",OT4 is a complete workout and nutrition system designed to maximize your time in the gym for lean muscle gains. Use this system for 12 weeks for optimal results!,,0,3.7,27,15
PHD 4 - RJ Perkin's Power Hyper Deload Training,Build Muscle,RJ Perkins,5,"Barbell, Bodyweight, Cables, Dumbbells, Machines",Single Muscle Group,Intermediate,"
						Male & Female						
					","Pro bodybuilder RJ Perkins combines aspects of Layne Norton's PHAT, Wendler's 5/3/1 and Westside training into a muscle building system that packs a punch.",,0,5,56,141
Playground Workouts: Having Fun While Building the Body You Want,Lose Fat,Brad Borland,3,Bodyweight,Split,Beginner,"
						Male & Female						
					",Does work have you trapped indoors all day? Enjoy the sunshine by taking your training to the great outdoors with this playground workout routine!,https://cdn.muscleandstrength.com/sites/default/files/field/feature-image/workout/playground-feature.jpg,0,5,3,1
Power 8 Muscle Building Workout äóñ 3 Day Split,Build Muscle,M&S Team,3,"Barbell, Bodyweight, Dumbbells, EZ Bar, Machines",Split,Intermediate,"
						Male & Female						
					",Power 8 combines a 5x5 protocol with a brutally effective 8x8 exercise. This system is perfect for the intermediate lifter who wants to continue to maximize gains.,,0,4.6,78,113
Power Hypertrophy Upper Lower (P.H.U.L.) Workout,Build Muscle,Brandon Campbell,4,"Barbell, Dumbbells, Machines",Split,Intermediate,"
						Male & Female						
					",Build both size and strength in this 4 day split based around basic compound movements. Get the best of both worlds with bodybuilding and powerlifting.,https://cdn.muscleandstrength.com/sites/default/files/field/feature-image/workout/power-hypertrophy-upper-lower-phul.jpg,0,4.6,256,367
Power Muscle Burn 5 Day Powerbuilding Split,Build Muscle,M&S Team,5,"Barbell, Cables, Dumbbells, Machines",Split,Intermediate,"
						Male & Female						
					","Rapidly build size and strength with this powerbuilding 5 day split which focuses on strength building power sets, and crazy-intense burn sets. You have been warned!",,0,5,1100,2600
Project WHEELS: The Ultimate Hybrid Program for Leg Size and Strength,Build Muscle,Lee Boyce,5,"Barbell, Bodyweight, Dumbbells, Machines",Single Muscle Group,Intermediate,"
						Male & Female						
					","Build both your leg strength and solid legs muscles with this workout program that's heavy on squats, but highly effective at delivering results.",https://cdn.muscleandstrength.com/sites/default/files/field/feature-image/workout/leg_exercises_for_building_strong_legs_feature.jpg,0,4,4,2
Pyramid Volume Training,Build Muscle,Brad Farmer,4,"Barbell, Bodyweight, Cables, Dumbbells, Machines",Single Muscle Group,Intermediate,"
						Male & Female						
					","Are you stuck in a plateau? Do you want to increase your strength, size, and muscular definition? Send your body into an anabolic state.",,0,5,203,700
Quad Destroyer: 10 Sets Of Squats Workout,Build Muscle,Max Riley,1,"Barbell, Dumbbells, Machines",Single Muscle Group,Intermediate,"
						Male & Female						
					","This is a specialization workout for lifters with lagging quads. It can be performed in an ongoing manner, and features 2 intense weeks followed by a deload week.",,0,3.6,9,9
"Real Results Pull, Squat, Press Fullbody Workout",Build Muscle,M&S Team,3,"Barbell, Bodyweight, Dumbbells",Full Body,Beginner,"
						Male & Female						
					",A no nonsense 3 day per week program that will have you gaining muscle and strength quickly. It focuses on compound and bodyweight exercises.,,0,3.9,56,157
Reg Park Beginner Workout,Build Muscle,M&S Writers,3,"Barbell, Bodyweight",Full Body,Beginner,"
						Male & Female						
					","Arnold Schwarzenegger idolized bodybuilding legend Reg Park. This workout, provided by Kaya Park (Reg Park's grandson) was used by Arnold and yielded great results.",,0,5,98,187
Roger Lockridge's Intense 4 Week Superset Back Workout,Build Muscle,Roger äóìRockäó Lockridge,1,"Barbell, Cables, Dumbbells, Machines",Single Muscle Group,Intermediate,"
						Male & Female						
					",Emphasize your back muscles with this 4 week Superset routine that's designed to intensify and maximize your time at the gym for killer results.,https://cdn.muscleandstrength.com/sites/default/files/field/feature-image/workout/intense_4_week_superset_workout_for_back_muscle_2.jpg,0,4.2,5,0
Santi Aragon's Massive Shoulder Workout,Build Muscle,Team MuscleTech,2,"Dumbbells, EZ Bar",Single Muscle Group,Beginner,"
						Male & Female						
					",Want to know how IFBB Pro Santi Aragon grew his truly massive shoulders? Check out his 4 favorite moves that blast his delts from all angles.,https://cdn.muscleandstrength.com/sites/default/files/field/feature-image/workout/santi-aragon-shoulder-workout.jpg,0,4.8,6,4
Scrutiny's 4 Day Muscle Building Split,Build Muscle,M&S Writers,4,"Barbell, Bodyweight, Cables, Dumbbells, EZ Bar, Machines",Split,Intermediate,"
						Male & Female						
					",This 4 day split by Scrutiny from the Muscle & Strength forum is an effective muscle building workout that features an arm day sure to provide results.,,0,5,387,672
Scrutiny's Low Volume High Intensity Workout For Mass And Strength,Build Muscle,M&S Writers,3,"Barbell, Bodyweight, Cables, Dumbbells, EZ Bar, Machines",Split,Intermediate,"
						Male & Female						
					","An intense workout system focusing on training to failure, offering an alternative to the various high volume muscle building workout routines.",,0,4.9,115,133
Sean Sullivan's Power Base Workout,Build Muscle,Sean Sullivan,4,"Barbell, Cables, Dumbbells, Machines, Other",Split,Intermediate,"
						Male & Female						
					",This 4 day split by natural bodybuilding champion Sean Sullivan relies heavily on 6x6 training to encourage rapid strength and muscle gains.,,0,5,24,47
Shaun's 3 Day Muscle Building Split Workout,Build Muscle,Shaun McEwan,3,"Barbell, Bodyweight, Cables, Dumbbells, EZ Bar, Machines",Split,Intermediate,"
						Male & Female						
					",Shaun's 3 day split workout is a solid routine for those who are looking to pack on some pounds! It features a chest & biceps day as well as a legs & shoulders day.,,0,4.9,526,1300
Shaun's 30 Minute Workout Split Routine,Build Muscle,Shaun McEwan,5,"Barbell, Cables, Dumbbells, EZ Bar, Machines",Split,Intermediate,"
						Male & Female						
					",A 5 day muscle building split routine for those who are pressed for time. Each workout can be completed in 30 minutes.,,0,5,49,79
Shaun's 4 Day Muscle Building Split Routine,Build Muscle,Shaun McEwan,4,"Barbell, Cables, Dumbbells, Machines",Split,Intermediate,"
						Male & Female						
					",A solid 4 day split workout that is designed for those who want to build lean muscle mass and/or gain weight. Workout was developed by Shaun from the M & Strength forum.,,0,4.9,233,354
Shaun's 4 Day Progressive Overload Split,Build Muscle,Shaun McEwan,4,"Barbell, Cables, Dumbbells, Machines",Split,Intermediate,"
						Male & Female						
					","Maximize muscle growth with progressive overload. In this 4 day split by Shaun, you will add more weight to the bar each weight on heavy lifts, and pack on muscle mass.",,0,4.9,22,48
Shredded by Summer: 8 Weeks to Your Best Body Ever,Lose Fat,Eric Bach,3,"Bands, Barbell, Cables, Kettle Bells, Medicine Ball",Split,Intermediate,"
						Male & Female						
					",It's time to get serious about your summer body. This 8 week workout and nutrition plan will help you get shredded for this years summer vacation.,https://cdn.muscleandstrength.com/sites/default/files/field/feature-image/workout/8-weeks-to-shred-feature.jpg,0,5,2,0
Shrugs Are Overrated: Build a Massive Yoke Without Shrugs,Build Muscle,Ben Johnson,1,"Barbell, Dumbbells",Single Muscle Group,Intermediate,"
						Male & Female						
					","Traps are the true sign of strength. Quit relying on ego-based, half shrug movements and build a serious yoke with this 4 week explosive workout plan!",https://cdn.muscleandstrength.com/sites/default/files/field/feature-image/workout/massive-yolk-feature.jpg,0,4.2,6,2
SPLASH Training - Specific Periodized Linear Advanced Strength + Hypertrophy,Build Muscle,Billy Porter,6,"Barbell, Cables, Dumbbells, EZ Bar, Machines",Split,Intermediate,"
						Male						
					","Amplify your gains with SPLASH training, an advanced 6-day muscle building workout system that has you training both your bench press and squat three times per week.",,0,4.8,33,58
Stephen Amelläó»s Arrow Workout: Strength & Functional Training,Increase Strength,Brad Borland,3,"Barbell, Bodyweight, Cables, Dumbbells, Kettle Bells, Other",Full Body,Intermediate,"
						Male & Female						
					","Ready to get superhero shredded? Gain strength, build muscle, and burn fat with this full body routine inspired by Arrow's Stephen Amell.",https://cdn.muscleandstrength.com/sites/default/files/field/feature-image/workout/stephen-amell-arrow-workout.jpg,0,4.7,6,10
Steve Kuclo's Powerhouse Shoulder Workout at Muscle & Strength Gym,Build Muscle,M&S Team,1,"Cables, Dumbbells, Machines",Single Muscle Group,Intermediate,"
						Male & Female						
					",Steve Kuclo's photo shoot turned into an intense training session. 150lbs overhead presses and machines filled to max capacity; you don't want to miss this!,https://cdn.muscleandstrength.com/sites/default/files/field/feature-image/workout/steve-feature.jpg,0,5,8,0
Steve's Density And Strength 4 Day Split,Build Muscle,M&S Writers,4,"Barbell, Bodyweight, Dumbbells, Machines",Split,Intermediate,"
						Male & Female						
					",This 4 day split by Steve Shaw is a powerbuilding system designed to propel intermediate lifters towards faster muscle mass and strength gains.,,0,4.9,227,583
Super-8 Three Day Bodybuilding Workout Plan,Build Muscle,M&S Team,3,"Barbell, Bodyweight, Cables, Dumbbells, EZ Bar, Machines",Split,Intermediate,"
						Male & Female						
					",Take your gains to a whole new level with this challenging muscle building system. Super-8 training focuses on ramping sets of eight on big compound movements.,,0,5,19,37
Superset & Triset Chest And Back Workout By MusclePharm,Build Muscle,Cory Gregory,1,"Barbell, Bodyweight, Cables, Dumbbells",Single Muscle Group,Intermediate,"
						Male & Female						
					","Blast your back and chest in the same workout with this high volume, intense superset and triset-focused training plan from Cory Gregory and MusclePharm.",,0,4.8,14,8
The 12-Week Clear Muscle Challenge Workout,Build Muscle,Team MuscleTech,3,"Bands, Barbell, Bodyweight, Cables, Dumbbells, Machines",Full Body,Advanced,"
						Male						
					","Paired with MuscleTech's Clear Muscle, this workout is designed to build muscle through a 3-phase training protocol that focuses on hypertrophy, power, and strength!",,0,5,14,33
The 15 Minute Total Body Beatdown,Build Muscle,Coach Dustin Myers,1,Barbell,Full Body,Intermediate,"
						Male & Female						
					",Got 15 minutes? Then you have time to add Time Frame Training to your routine for a short but intense total body muscle building workout.,https://cdn.muscleandstrength.com/sites/default/files/field/feature-image/workout/15-minute-total-body-beatdown.jpg,0,5,2,1
"The Anti-Hero Training Plan: Build Big, Brutal Muscle & Strength",Build Muscle,Brad Borland,4,"Barbell, Bodyweight, Dumbbells",Split,Beginner,"
						Male & Female						
					","Nothing pretty here! You're about to become a big, bad anti-hero behemoth. This no frills, get it done 4 day workout split will help you pack on both muscle and strength.",,0,5,53,47
The Best Shoulder Workout You've Never Tried,Build Muscle,Roger äóìRockäó Lockridge,1,"Barbell, Dumbbells, Other",Single Muscle Group,Beginner,"
						Male & Female						
					",This unconventional shoulder workout is perfect if you've hit a plateau or are looking for a challenge. Try it for 8 weeks and marvel at your massive shoulders!,https://cdn.muscleandstrength.com/sites/default/files/field/feature-image/workout/best-shoulder-workout.jpg,0,4.3,7,1
The Ex-Hardgainer Workout And Eating Plan,Build Muscle,M&S Team,3,"Barbell, Bodyweight, Dumbbells",Full Body,Beginner,"
						Male & Female						
					","Tired of being a hardgainer? This program contains a detailed workout and progression scheme, along with eating advice and a sample daily diet plan.",,0,4.9,168,705
The Giant Set Routine!,Build Muscle,Doug Lawrenson,3,"Barbell, Dumbbells, EZ Bar, Machines",Split,Advanced,"
						Male & Female						
					","Stuck in a plateau? Blast your muscles with this giant set routine! The routine is short and intense, and hits each muscle group with 3 massive supersets. ",,0,5,52,192
The LOHILO Muscle Building System,Build Muscle,Brian Turner,6,"Barbell, Bodyweight, Cables, Dumbbells, EZ Bar, Machines",Split,Intermediate,"
						Male & Female						
					","When using LoHiLo you will alternate between intense superset-focused weeks and the 12 to 16 rep range, and strength focused weeks that utilize 2 reps per set.",,0,5,11,22
The Power Pump Routine,Build Muscle,Jim Brewster,3,"Barbell, Dumbbells, EZ Bar, Machines, Other",Split,Intermediate,"
						Male & Female						
					","A complete push, pull, legs muscle building workout program. Includes information on recovery, nutritional guidelines and supplement advice.",,0,4.1,15,31
The Punisher Vol. II: A Ruthless Full Body Fat Burning Workout,Build Muscle,Eric Brown,2,Kettle Bells,Full Body,Intermediate,"
						Male & Female						
					",Do you have what it takes? Eric Brown's twist on his Punisher workout takes simple kettlebell moves and turns them into an intense total body workout.,https://cdn.muscleandstrength.com/sites/default/files/field/feature-image/workout/the-punisher-workout.jpg,0,4.5,11,0
The Punisher: A Relentless Better Body Workout,Build Muscle,Eric Brown,1,"Bodyweight, Dumbbells, Other",Full Body,Intermediate,"
						Male & Female						
					","Eric Brown delivers a workout with a wallop. The Punisher is deceptively simple, comprised of 5 movements: walking lunges, bent-over rows, push ups, burpees and a sprint.",,0,5,44,51
The Ripped Freak Training Program,Build Muscle,Alex Savva,5,"Barbell, Bodyweight, Cables, Dumbbells, Machines",Full Body,Intermediate,"
						Male & Female						
					","Get the most out of your workout with the The Ripped Freak Training Program and 5-Minute Ripped Solution, designed to help you maximize muscle growth, increase performance, and burn fat! ",https://cdn.muscleandstrength.com/sites/default/files/field/feature-image/workout/doing_barbell_curls_for_the_ripped_freak_program.jpg,0,4.6,9,52
The Routine That Blew Up The Machine Marc Lobliner,Build Muscle,Machine Militia,5,"Barbell, Bodyweight, Cables, Dumbbells, EZ Bar, Machines",Split,Intermediate,"
						Male & Female						
					","This workout is not a game! Machine Militia, listen up: this is the exact training routine that helped MTS CEO Marc Lobliner blow up his lagging back and delts.",,0,4.9,13,9
The Squeeze Method For Building A Big Defined Chest,Build Muscle,M&S Team,1,"Dumbbells, Machines",Single Muscle Group,Intermediate,"
						Male & Female						
					","The Muscle & Strength team travels to Columbus, OH and learns about the squeeze method from MuscleTech Athlete, Santi Aragon. Give this method a shot!",https://cdn.muscleandstrength.com/sites/default/files/field/feature-image/workout/squeeze-method-feature.jpg,0,5,1,0
The Tactical Physique: A Functional Strength & Conditioning Workout,General Fitness,Brad Borland,4,"Barbell, Bodyweight, Dumbbells, Other",Split,Intermediate,"
						Male & Female						
					","Build a body that performs as good as it looks. This 5 day program by Brad Borland features functional full body workouts, supersets, bodyweight and conditioning work.",https://cdn.muscleandstrength.com/sites/default/files/field/feature-image/workout/tact800.jpg,0,4.2,43,99
The Weekend Warrior Workout,Build Muscle,Brad Borland,3,"Barbell, Bodyweight, Dumbbells, Kettle Bells",Full Body,Beginner,"
						Male & Female						
					",Hoping to be crowned MVP of your intramural team? Gain the edge during the course of the week and become a true weekend warrior with this workout!,https://cdn.muscleandstrength.com/sites/default/files/field/feature-image/workout/weekend-warrior-feature.jpg,0,3.5,2,0
This Workout Just Might Kill You...Or Make You Grow - You Decide,Build Muscle,Roger äóìRockäó Lockridge,1,"Barbell, Bodyweight, Dumbbells",Single Muscle Group,Advanced,"
						Male & Female						
					","1 hour. 1 body part. 50,000 pounds. Are you up for the ultimate high volume workout challenge? This is NOT an ordinary workout, so proceed with caution!",https://cdn.muscleandstrength.com/sites/default/files/field/feature-image/workout/killer-workout-volume-challenge.jpg,0,4.2,5,3
Three 10-Minute At Home Upper Body Workouts,Build Muscle,Mike Samuels,1,"Bands, Bodyweight",Split,Beginner,"
						Male & Female						
					",Don't let the busyness of life hold you back from making progress. Challenge yourself at home with these three brief but effective upper body sessions.,,0,4.6,14,4
Total Body Beatdown: A German Volume Training Routine,Build Muscle,Coach Dustin Myers,3,"Barbell, Bodyweight, Cables, Dumbbells, Machines",Full Body,Intermediate,"
						Male & Female						
					","Whether you only have time to make it to the gym a few times during the week or you want to annihilate your entire body, we've got the workout for you!",https://cdn.muscleandstrength.com/sites/default/files/field/feature-image/workout/gvt-feature.jpg,0,4.6,10,3
Train Like An Olympian: Branch Warren's Leg Workout,Build Muscle,Ron Harris,1,"Barbell, Machines",Single Muscle Group,Intermediate,"
						Male & Female						
					",Top Olympian and Team Gaspari member Branch Warren has some of the biggest wheels to ever hit a bodybuilding stage. This feature takes an inside look at his high impact leg workout.,,0,5,7,1
Training for the Older Athlete: Making Gains After 40,Build Muscle,Brad Borland,4,"Barbell, Bodyweight, Cables, Dumbbells",Split,Beginner,"
						Male & Female						
					","They say Father Time is undefeated, but that doesn't mean you can't make gains all of your life. Check out these training strategies for older athletes.",https://cdn.muscleandstrength.com/sites/default/files/field/feature-image/workout/older-athlete-new-feature.jpg,0,4.5,6,0
Troy's 3 Day Maintenance Workout,Build Muscle,Troy A. Dolfi,3,"Barbell, Cables, Dumbbells, Machines",Split,Intermediate,"
						Male & Female						
					","A variation on the classic push, pull, legs split, working shoulders and back on the same day, and biceps with legs. This workout was designed by Troy (tadolfi).",,0,5,18,45
Ultimate Bench Press Workout: Increase Strength And Chest Size,Build Muscle,Lee Boyce,1,"Barbell, Bodyweight, Cables",Single Muscle Group,Beginner,"
						Male & Female						
					",Looking for a way to add size and strength to your chest muscle? This bench press workout is designed to build massive pecs while putting up big numbers on bench!,https://cdn.muscleandstrength.com/sites/default/files/field/feature-image/workout/ultimate_bench_press_workout.jpg,0,4.7,3,2
Upper/Lower 4 Day Gym Bodybuilding Split Workout,Build Muscle,M&S Team,4,"Barbell, Bodyweight, Cables, Dumbbells, EZ Bar, Machines",Split,Beginner,"
						Male & Female						
					","Reach your muscle building goals with this balanced 4 day training split that mixes heavy compound exercises, machines, cables and incorporates 3 second negatives.",,0,4.5,52,65
"VCS 3 Stage Back Workout - Volume, Cluster & Strength Training",Build Muscle,M&S Team,1,"Barbell, Bodyweight, Dumbbells, Machines",Single Muscle Group,Intermediate,"
						Male & Female						
					","Build a beefy back using 3 distinct and powerful cycles. Lift rotation focuses on heavy strength building exercises, muscle building volume work and pump-inducing cluster sets.",,0,4.8,5,10
VTS - The Complete Venom Training System Program,Build Muscle,Maurice Bright ,5,"Barbell, Bodyweight, Cables, Dumbbells, EZ Bar, Machines, Other",Split,Intermediate,"
						Male & Female						
					",Unleash your inner beast and reach your bodybuilding goals with this unique and comprehensive five day muscle building split workout from Maurice Bright.,,0,5,19,16
"Wild 20 Powerbuilding Workout: Get Crazy, Get Big & Strong",Build Muscle,M&S Writers,4,"Barbell, Cables, Dumbbells, Machines",Split,Intermediate,"
						Male & Female						
					","Bust out of your training rut and blast through muscle and strength building plateaus using a unique combination of 5, 10 and 20 rep sets. This program delivers results.",https://cdn.muscleandstrength.com/sites/default/files/field/feature-image/workout/wild_20_feature.jpg,0,4.4,37,136
"Your Complete Blue Print For A Leaner, More Muscular Body",Build Muscle,Brad Borland,3,"Barbell, Bodyweight, Dumbbells",Split,Beginner,"
						Male & Female						
					","Life getting in the way of consistent training? Brad Borland presents a flexible system that allows you to workout, 2-4 times per week depending on your schedule.",,0,4.8,38,6
